group,reduction
Placebo,3.9978072492830488
Placebo,4.252685714148356
Placebo,5.927863730413155
Placebo,5.8530383718202526
Placebo,7.025764221913909
Placebo,7.444382799191008
Placebo,5.452949317708184
Placebo,5.674224764990583
Placebo,4.481283324548603
Placebo,4.527153755431543
Placebo,1.9760429817667977
Placebo,3.3046531450039067
Placebo,3.332230901462097
Placebo,5.356776663800438
Placebo,4.512305499660843
Placebo,7.917053589821167
Placebo,7.873514047477649
Placebo,6.380522533758706
Placebo,6.404597496827962
Placebo,6.7363280569535515
Placebo,4.840688440466119
Placebo,4.866872548046663
Placebo,3.5427722207913295
Placebo,4.42390926156582
Placebo,6.709809027985353
Drug,3.7045577300403036
Drug,2.9495779178530483
Drug,3.0483717693881833
Drug,3.661459507285425
Drug,5.212452259502925
Drug,1.5357063122090562
Drug,3.0884286553863554
Drug,4.79725518712304
Drug,1.3401679040715955
Drug,5.487195824406733
Drug,2.2503424558739358
Drug,4.505440275951597
Drug,3.6295198152187216
Drug,4.032480677680466
Drug,1.681246157451889
Drug,3.6805391656456488
Drug,2.9616795702316194
Drug,5.299904172375817
Drug,2.6883742528892123
Drug,3.482381930697465
Drug,3.063104469133112
Drug,4.083750613712971
Drug,5.30244632887546
Drug,3.5243066250684083
Drug,4.168148034417506
