subject_id,morning,evening
1,133.91888597386054,120.83410382354462
2,137.7428136586064,124.2947034886326
3,150.22804334954017,136.84176647191447
4,157.3444189661921,151.08375249223454
5,145.968958507324,132.869203896508
6,135.12077935929517,123.06521212981578
7,145.67232772526103,125.30976805071785
8,139.07408214421537,132.2450072480648
9,135.68228827449687,121.07967557280196
10,155.55362766799232,154.1067588552595
11,153.0517254750625,139.9312114089953
12,158.35684528799354,157.0734405493213
13,140.7487212067881,127.18337158290765
14,141.81464250294258,135.11094586866062
15,136.35629591701587,136.9543121480934
16,127.46734061749613,111.77445235966945
17,147.63866838292384,138.02021384302208
18,134.52071573642033,115.46314824274239
19,157.66712772658454,140.20176722374225
20,127.89933128774044,116.25338901886637
21,150.01182765533582,139.27430161183133
22,149.14974911023745,131.69959739633484
23,153.8733404839009,140.59756592624325
24,145.01030764636545,140.19146945674368
25,156.84992609139124,145.8103593445436
26,144.77379841574347,130.54722595607328
27,139.8365701785086,130.1833338729685
28,150.8145422953262,142.2777070620501
29,141.6751121343968,126.55872886606859
30,142.21045296227553,131.9325933718394
